Epoch,Loss
1,1374.498291
2,1374.805054
3,1374.668823
4,1376.282349
5,1376.962524
6,1378.372803
7,1379.375610
8,1378.825684
9,1379.147705
10,1379.481445
11,1378.533203
12,1379.392090
13,1378.594849
14,1379.686279
15,1380.902100
16,1380.133057
17,1379.908203
18,1378.894409
19,1378.856201
20,1378.561401
21,1460.345215
22,1531.905029
23,1597.162354
24,1656.811646
25,1708.168579
26,1754.009399
27,1798.385010
28,1836.449951
29,1870.364746
30,1903.006958
31,1833.334229
32,1768.718628
33,1712.954102
34,1661.302734
35,1616.026123
36,1574.836792
37,1537.317383
38,1506.763062
39,1475.609253
40,1448.720947
41,1424.671143
42,1403.087402
43,1382.956787
44,1364.006958
45,1347.718628
46,1332.555786
47,1318.611206
48,1305.488037
49,1293.814331
50,1282.539673
51,1289.215698
52,1294.881104
53,1300.620483
54,1305.744019
55,1309.781494
56,1312.948486
57,1315.473633
58,1317.665039
59,1318.965942
60,1318.611206
61,1355.384766
62,1387.143188
63,1414.869385
64,1438.412354
65,1459.323853
66,1476.125977
67,1491.044678
68,1503.160034
69,1512.880981
70,1520.581787
71,1462.747925
72,1411.716675
73,1363.191528
74,1319.301514
75,1277.875977
76,1239.381958
77,1202.165405
78,1169.285889
79,1139.287476
80,1112.086060
81,1085.927124
82,1061.319214
83,1038.309326
84,1016.530640
85,996.860413
86,977.170471
87,958.045288
88,941.321960
89,925.165710
90,908.458008
91,940.979065
92,968.551392
93,992.615601
94,1009.669312
95,1022.747498
96,1032.449097
97,1037.604980
98,1039.878906
99,1038.505615
100,1036.517578
101,1010.776001
102,982.999268
103,957.574341
104,931.642151
105,904.730225
106,878.916748
107,853.350830
108,827.332214
109,801.553284
110,777.908020
111,725.151550
112,678.500488
113,634.799500
114,594.414429
115,557.280151
116,523.269043
117,492.824066
118,463.720245
119,438.861694
120,413.826782
121,406.923584
122,398.885681
123,389.183777
124,379.633484
125,371.040527
126,360.820374
127,353.005005
128,343.402893
129,334.365234
130,324.525879
131,310.246338
132,297.056091
133,284.712616
134,272.226471
135,260.921875
136,250.045181
137,240.440323
138,229.806305
139,221.394058
140,211.641617
141,203.307953
142,195.761642
143,188.398285
144,181.727600
145,175.404602
146,168.508301
147,162.311722
148,156.486038
149,151.007706
150,145.782715
151,148.845184
152,150.394760
153,151.334824
154,151.562088
155,151.577713
156,150.764160
157,148.436234
158,146.192490
159,142.953033
160,140.763687
161,132.389343
162,126.169678
163,119.689163
164,113.739464
165,108.036644
166,102.654427
167,98.097099
168,93.557777
169,89.649605
170,86.555557
171,84.920151
172,82.867126
173,80.393433
174,78.172470
175,75.905998
176,74.408112
177,72.823318
178,71.623451
179,69.293526
180,67.664047
181,65.182831
182,62.583530
183,59.996063
184,58.605797
185,56.872402
186,55.016266
187,53.933186
188,52.421051
189,51.249424
190,49.597233
191,49.273193
192,48.781319
193,48.301090
194,49.033428
195,47.941723
196,47.098293
197,46.633453
198,45.901489
199,45.571350
200,45.533916
201,45.565178
202,45.683563
203,45.461559
204,45.168282
205,45.111237
206,44.044651
207,43.978157
208,43.725018
209,43.144035
210,41.979675
211,42.007618
212,41.466545
213,41.982185
214,41.063316
215,40.155483
216,39.896965
217,39.382252
218,39.303196
219,38.649967
220,38.536839
221,38.244492
222,37.246223
223,36.053814
224,35.310074
225,34.988579
226,34.562027
227,34.199844
228,34.522869
229,33.269436
230,33.323406
231,32.996712
232,32.919292
233,32.786148
234,33.068642
235,32.630966
236,32.926125
237,32.503227
238,31.890472
239,31.966631
240,31.944262
241,31.370384
242,31.172215
243,31.302299
244,31.550468
245,31.465483
246,31.123970
247,31.395992
248,31.340839
249,31.019901
250,31.514215
251,31.015234
252,30.762934
253,30.081236
254,29.601322
255,29.733448
256,29.822102
257,29.065500
258,29.671911
259,29.711288
260,29.910002
261,29.196280
262,29.059269
263,29.335377
264,28.987417
265,28.560158
266,28.371004
267,28.169895
268,27.838018
269,27.923016
270,27.899778
271,28.601463
272,28.446476
273,28.403261
274,29.167997
275,29.186573
276,28.940781
277,29.294827
278,28.672129
279,28.630571
280,28.466902
281,28.614138
282,28.484198
283,28.527830
284,28.698311
285,28.835075
286,28.122196
287,28.012329
288,27.585014
289,27.815853
290,28.000231
291,27.899002
292,28.199184
293,28.145884
294,27.672459
295,28.129190
296,27.768568
297,26.962534
298,26.699102
299,26.796705
300,26.661489
301,26.118675
302,25.868505
303,25.762270
304,25.425041
305,25.074471
306,25.134947
307,25.044756
308,25.086227
309,25.326103
310,24.872829
311,24.546495
312,24.227226
313,24.879488
314,25.009420
315,24.515833
316,24.201765
317,23.530020
318,23.720575
319,23.949987
320,24.110653
321,24.582972
322,24.414253
323,24.689997
324,24.450640
325,24.618454
326,24.974295
327,25.141785
328,24.892166
329,25.133772
330,24.902876
331,24.505527
332,24.309187
333,24.138449
334,23.985643
335,23.640720
336,23.424568
337,23.152170
338,22.839954
339,22.674843
340,22.684612
341,22.798325
342,22.942127
343,23.167627
344,23.062918
345,22.740644
346,22.266546
347,22.022217
348,21.440172
349,21.533581
350,21.026119
351,21.059681
352,21.446743
353,21.783691
354,22.000643
355,21.863640
356,21.890152
357,21.908257
358,21.873482
359,21.750233
360,21.374317
361,21.818222
362,21.195559
363,21.110188
364,21.406578
365,21.415873
366,21.386948
367,20.961657
368,21.093502
369,20.686192
370,20.474331
371,20.120764
372,20.181269
373,20.006546
374,19.907190
375,19.947739
376,19.985241
377,20.405735
378,20.091831
379,20.206427
380,20.534830
381,20.196844
382,19.944321
383,20.103045
384,19.742989
385,19.369036
386,19.259901
387,19.370028
388,18.926991
389,18.723476
390,18.661102
391,18.509880
392,18.457212
393,18.778738
394,18.719906
395,18.732601
396,18.959127
397,19.234375
398,19.257896
399,18.876238
400,19.153244
401,18.942047
402,18.925713
403,18.684181
404,18.624861
405,18.885509
406,18.873135
407,19.095974
408,18.923347
409,18.683167
410,18.723104
411,18.278463
412,18.222200
413,18.186836
414,18.199221
415,18.154808
416,17.729277
417,17.693501
418,17.835802
419,17.662325
420,17.316414
421,17.222221
422,17.046955
423,16.680691
424,16.754385
425,16.566854
426,16.261059
427,16.342993
428,16.447071
429,16.500809
430,16.650827
431,16.538673
432,16.418261
433,16.862494
434,16.675779
435,16.643827
436,16.413420
437,16.188934
438,15.986749
439,16.008276
440,16.001711
441,15.961498
442,15.789307
443,15.804173
444,15.719963
445,15.532331
446,15.370521
447,15.135298
448,15.197640
449,15.363064
450,15.217176
451,15.353881
452,15.116059
453,15.057023
454,15.091691
455,14.822784
456,14.712196
457,14.348763
458,14.515583
459,14.353411
460,14.402632
461,14.336987
462,14.453767
463,14.213535
464,14.259311
465,14.433374
466,14.425079
467,14.215776
468,14.217493
469,14.104543
470,13.997130
471,13.739892
472,13.868729
473,13.715973
474,13.610991
475,13.492097
476,13.828811
477,13.746676
478,14.079518
479,14.109861
480,14.141515
481,13.926465
482,13.951665
483,13.878917
484,14.116443
485,14.062672
486,13.719117
487,13.720631
488,13.893667
489,13.717352
490,13.755810
491,13.698488
492,13.641547
493,13.446980
494,13.262247
495,13.076581
496,13.048693
497,13.076493
498,12.875031
499,12.988921
500,12.916889
501,12.828332
502,13.013668
503,12.749817
504,12.527393
505,12.860335
506,12.749287
507,12.527930
508,12.423266
509,12.365322
510,12.185971
511,12.240110
512,12.062885
513,12.057194
514,11.957329
515,11.859437
516,11.972334
517,11.773843
518,11.477535
519,11.386943
520,11.439286
521,11.175791
522,11.194227
523,11.186645
524,11.133003
525,11.101112
526,11.094332
527,11.029557
528,10.806835
529,10.880412
530,10.681334
531,10.711309
532,10.803456
533,10.559134
534,10.732418
535,10.770899
536,10.865629
537,11.012922
538,10.910156
539,11.021115
540,10.842081
541,10.836539
542,10.751328
543,10.750305
544,10.732277
545,10.539867
546,10.435895
547,10.272541
548,10.235063
549,10.264650
550,10.264292
551,10.578313
552,10.626166
553,10.744364
554,10.836078
555,10.649129
556,10.546059
557,10.538865
558,10.621449
559,10.650966
560,10.504442
561,10.492582
562,10.241368
563,10.300997
564,10.334422
565,10.454257
566,10.320463
567,10.048654
568,10.088480
569,10.241507
570,10.157356
571,10.232349
572,10.134785
573,9.946362
574,10.125463
575,10.066825
576,9.871403
577,9.754103
578,10.073285
579,9.994349
580,9.978636
581,9.909082
582,10.040063
583,10.102195
584,9.966031
585,10.105556
586,10.087389
587,9.968660
588,9.682261
589,9.829532
590,9.895962
591,10.093482
592,10.028061
593,9.856496
594,9.800557
595,9.657151
596,9.692078
597,9.631509
598,9.623174
599,9.518063
600,9.290259
601,9.301841
602,9.342398
603,9.332742
604,9.257756
605,9.342449
606,9.174910
607,9.133312
608,9.200399
609,9.135901
610,9.060892
611,9.130193
612,9.116171
613,9.266198
614,9.202970
615,9.226515
616,9.215258
617,9.096909
618,8.941067
619,8.975898
620,9.026808
621,8.872161
622,8.921633
623,8.877859
624,8.978781
625,8.875222
626,8.860581
627,8.990347
628,8.886523
629,8.962356
630,8.910904
631,9.012157
632,9.041655
633,9.155932
634,9.200422
635,9.144471
636,9.130208
637,8.966585
638,8.791987
639,8.775876
640,8.748869
641,8.894048
642,8.764425
643,8.579565
644,8.526963
645,8.797653
646,8.896246
647,8.790136
648,8.907518
649,8.929955
650,8.801861
651,8.745885
652,8.633650
653,8.749567
654,8.724166
655,8.740247
656,8.781264
657,8.730422
658,8.633897
659,8.767325
660,8.599024
661,8.609896
662,8.529889
663,8.315526
664,8.347843
665,8.249565
666,8.194859
667,8.084901
668,8.051661
669,8.011766
670,7.784699
671,7.894304
672,8.118559
673,8.120572
674,8.341699
675,8.185135
676,8.204810
677,8.240892
678,8.284090
679,8.195371
680,8.064952
681,8.003163
682,8.047774
683,8.174196
684,8.185165
685,8.074470
686,7.970840
687,7.857278
688,7.856229
689,7.998568
690,7.972342
691,7.872748
692,7.766281
693,7.688918
694,7.828521
695,7.798302
696,7.843188
697,7.774496
698,7.691062
699,7.839015
700,7.735585
701,7.594492
702,7.711720
703,7.637129
704,7.521418
705,7.583173
706,7.597631
707,7.658422
708,7.547267
709,7.584037
710,7.608601
711,7.662730
712,7.694701
713,7.640910
714,7.732150
715,7.725509
716,7.837871
717,7.791322
718,7.776506
719,7.659534
720,7.677261
721,7.631284
722,7.426704
723,7.421527
724,7.357550
725,7.413136
726,7.291620
727,7.315535
728,7.345714
729,7.279267
730,7.222077
731,7.252364
732,7.108936
733,7.043839
734,7.123646
735,7.072635
736,7.127377
737,7.174259
738,7.306606
739,7.297363
740,7.314019
741,7.431134
742,7.531954
743,7.692874
744,7.807797
745,7.871971
746,7.908401
747,7.791269
748,7.814354
749,7.899908
750,7.770968
751,7.980874
752,7.972983
753,8.003383
754,7.995797
755,7.977086
756,7.918373
757,7.937500
758,8.044216
759,8.059059
760,7.859106
761,7.944158
762,7.747785
763,7.699263
764,7.669347
765,7.675321
766,7.617654
767,7.705381
768,7.662820
769,7.613462
770,7.493739
771,7.467026
772,7.550239
773,7.440277
774,7.362132
775,7.387891
776,7.309035
777,7.334690
778,7.627427
779,7.735224
780,7.402503
781,7.342384
782,7.450618
783,7.340502
784,7.541285
785,7.440575
786,7.388396
787,7.459248
788,7.557502
789,7.541560
790,7.405540
791,7.676413
792,7.596228
793,7.685439
794,7.743281
795,7.789150
796,7.889060
797,7.854471
798,8.017610
799,8.036789
800,7.802950
801,7.666759
802,7.673119
803,7.554038
804,7.530649
805,7.546625
806,7.494461
807,7.636127
808,7.706562
809,7.712176
810,7.536484
811,7.447600
812,7.378068
813,7.310967
814,7.197355
815,7.088063
816,6.946691
817,7.025550
818,6.993579
819,7.034208
820,7.050381
821,6.935043
822,6.944975
823,6.965489
824,6.839306
825,6.697062
826,6.705737
827,6.769357
828,6.679467
829,6.588467
830,6.492127
831,6.473095
832,6.631835
833,6.677351
834,6.579249
835,6.634909
836,6.555057
837,6.650442
838,6.822701
839,6.809702
840,6.745516
841,6.799317
842,7.090203
843,6.996156
844,6.967347
845,7.015949
846,6.967165
847,6.920763
848,7.018403
849,6.893118
850,6.943412
851,6.928400
852,6.830757
853,6.818256
854,6.772833
855,6.739820
856,6.757825
857,6.605058
858,6.466042
859,6.620945
860,6.460297
861,6.489261
862,6.413146
863,6.516134
864,6.486453
865,6.551382
866,6.771745
867,6.850500
868,6.932117
869,6.863608
870,6.824660
871,6.842965
872,6.873303
873,6.874015
874,6.739906
875,6.770917
876,6.766083
877,6.739223
878,6.664633
879,6.771399
880,6.674447
881,6.577929
882,6.413688
883,6.498822
884,6.415868
885,6.426705
886,6.437997
887,6.499057
888,6.570544
889,6.640012
890,6.707980
891,6.880388
892,6.954874
893,6.799106
894,6.710801
895,6.774893
896,6.823499
897,6.750772
898,6.802409
899,6.779453
900,7.155225
901,7.009870
902,6.919036
903,6.763488
904,6.835303
905,6.814762
906,6.812494
907,6.942641
908,7.004689
909,6.810939
910,6.866879
911,6.795392
912,6.707561
913,6.812883
914,6.826987
915,6.651381
916,6.795594
917,6.904506
918,6.792099
919,6.747748
920,6.623670
921,6.624151
922,6.660959
923,6.562440
924,6.549587
925,6.674745
926,6.742172
927,6.778629
928,6.978299
929,6.873043
930,6.996594
931,6.943276
932,6.844021
933,6.883629
934,6.812976
935,6.784673
936,6.698911
937,6.641959
938,6.726078
939,6.704654
940,6.665960
941,6.571610
942,6.576989
943,6.732165
944,6.614737
945,6.684222
946,6.553089
947,6.561264
948,6.506638
949,6.497371
950,6.433681
951,6.389149
952,6.484454
953,6.415309
954,6.592763
955,6.670002
956,6.667997
957,6.662915
958,6.646025
959,6.648377
960,6.557814
961,6.502997
962,6.427775
963,6.434495
964,6.417837
965,6.541040
966,6.413414
967,6.256880
968,6.185068
969,6.187174
970,6.194600
971,6.270979
972,6.209398
973,6.163664
974,6.277663
975,6.235686
976,6.246117
977,6.285762
978,6.337676
979,6.364928
980,6.368982
981,6.231222
982,6.367335
983,6.422050
984,6.285488
985,6.456542
986,6.376166
987,6.356477
988,6.422524
989,6.484308
990,6.435282
991,6.544049
992,6.518953
993,6.521383
994,6.710225
995,6.749399
996,6.801138
997,6.642703
998,6.562694
999,6.582812
1000,6.442608
1001,6.439344
1002,6.435999
1003,6.332999
1004,6.354021
1005,6.220318
1006,6.237721
1007,6.181149
1008,6.251740
1009,6.234731
1010,6.107778
1011,6.376264
1012,6.379924
1013,6.422470
1014,6.495723
1015,6.525430
1016,6.576216
1017,6.677105
1018,6.811397
1019,6.821353
1020,6.730720
1021,6.603624
1022,6.521520
1023,6.606088
1024,6.567419
1025,6.543751
1026,6.376338
1027,6.393572
1028,6.474055
1029,6.454451
1030,6.472912
1031,6.306080
1032,6.304145
1033,6.505245
1034,6.552995
1035,6.560799
1036,6.465525
1037,6.472528
1038,6.480180
1039,6.470748
1040,6.592838
1041,6.570863
1042,6.515164
1043,6.437633
1044,6.420989
1045,6.399369
1046,6.347955
1047,6.490945
1048,6.363403
1049,6.383363
1050,6.330942
1051,6.201466
1052,6.147924
1053,6.101267
1054,6.157115
1055,6.126856
1056,6.119923
1057,6.170587
1058,6.376727
1059,6.413621
1060,6.438974
1061,6.442010
1062,6.557923
1063,6.450252
1064,6.316498
1065,6.348899
1066,6.313694
1067,6.322994
1068,6.226937
1069,6.248522
1070,6.260513
1071,6.354286
1072,6.349842
1073,6.360824
1074,6.268047
1075,6.223223
1076,6.232430
1077,6.213148
1078,6.180077
1079,6.157039
1080,6.229326
1081,6.350971
1082,6.530764
1083,6.633931
1084,6.619654
1085,6.630130
1086,6.684445
1087,6.663589
1088,6.558344
1089,6.497303
1090,6.605778
1091,6.596481
1092,6.594203
1093,6.477692
1094,6.724203
1095,6.831979
1096,6.865751
1097,6.935800
1098,6.846954
1099,6.911072
1100,7.010683
1101,6.989880
1102,7.105876
1103,7.132953
1104,6.999532
1105,6.918442
1106,6.949057
1107,6.903245
1108,6.931241
1109,6.774357
1110,6.799541
1111,6.766072
1112,6.682360
1113,6.644166
1114,6.727942
1115,6.685715
1116,6.643539
1117,6.603801
1118,6.532522
1119,6.397010
1120,6.334980
1121,6.251853
1122,6.327714
1123,6.277497
1124,6.236387
1125,6.310122
1126,6.248084
1127,6.163797
1128,6.112802
1129,5.963519
1130,6.095540
1131,6.142482
1132,6.216326
1133,6.188474
1134,6.155334
1135,6.159892
1136,6.003009
1137,5.929615
1138,5.939716
1139,5.970450
1140,6.045334
1141,6.142622
1142,6.125344
1143,6.170360
1144,6.266078
1145,6.335866
1146,6.345912
1147,6.354756
1148,6.357787
1149,6.384558
1150,6.359938
1151,6.374567
1152,6.459209
1153,6.459041
1154,6.531491
1155,6.596208
1156,6.542371
1157,6.656836
1158,6.747847
1159,6.711862
1160,6.780706
1161,6.704702
1162,6.810393
1163,6.791195
1164,6.718200
1165,6.588590
1166,6.478579
1167,6.532331
1168,6.526577
1169,6.527705
1170,6.451031
1171,6.387073
1172,6.401379
1173,6.114200
1174,6.094125
1175,6.138361
1176,6.073714
1177,6.050356
1178,6.047432
1179,6.072165
1180,6.169246
1181,6.250165
1182,6.145898
1183,6.213829
1184,6.241041
1185,6.306028
1186,6.360470
1187,6.205961
1188,6.057460
1189,6.098699
1190,6.050977
1191,5.988426
1192,5.859860
1193,5.831581
1194,5.808954
1195,5.807893
1196,5.727350
1197,5.649493
1198,5.808966
1199,5.789200
1200,5.876521
1201,5.839233
1202,5.776556
1203,5.816639
1204,5.841223
1205,5.684397
1206,5.952810
1207,5.943608
1208,5.892297
1209,6.046802
1210,5.926857
1211,5.890026
1212,5.923345
1213,5.817206
1214,5.695252
1215,5.797610
1216,5.738883
1217,5.802722
1218,5.837785
1219,5.811055
1220,5.816777
1221,5.798779
1222,5.985903
1223,6.051119
1224,5.824876
1225,5.932167
1226,5.926841
1227,6.033635
1228,5.922408
1229,5.931894
1230,5.873885
1231,6.024476
1232,6.028495
1233,5.958850
1234,5.868358
1235,5.771854
1236,5.826481
1237,5.922488
1238,6.009573
1239,6.161847
1240,6.133149
1241,6.146017
1242,6.151646
1243,6.187539
1244,6.072775
1245,6.180627
1246,6.306909
1247,6.407207
1248,6.364841
1249,6.387785
1250,6.393055
1251,6.401000
1252,6.334511
1253,6.385494
1254,6.442705
1255,6.482635
1256,6.555256
1257,6.543581
1258,6.542776
1259,6.504472
1260,6.334089
1261,6.425186
1262,6.377357
1263,6.227343
1264,6.127888
1265,6.185518
1266,6.271831
1267,6.204370
1268,6.159753
1269,6.109406
1270,6.108151
1271,6.146109
1272,6.099982
1273,6.206445
1274,6.176697
1275,6.018995
1276,6.071810
1277,6.011763
1278,5.955041
1279,6.001135
1280,5.914068
1281,5.837190
1282,5.904474
1283,6.004179
1284,5.973534
1285,5.907937
1286,5.821018
1287,5.827989
1288,5.857507
1289,5.809466
1290,5.783323
1291,5.794741
1292,5.864555
1293,6.002592
1294,6.188207
1295,5.979492
1296,6.030072
1297,6.047961
1298,6.096779
1299,6.279390
1300,6.305977
1301,6.194992
1302,6.234148
1303,6.166954
1304,6.250664
1305,6.220945
1306,6.373837
1307,6.369489
1308,6.380820
1309,6.463583
1310,6.406712
1311,6.326350
1312,6.356907
1313,6.291983
1314,6.172676
1315,6.202286
1316,6.201359
1317,6.193679
1318,6.195468
1319,6.080903
1320,5.994471
1321,6.129896
1322,5.957391
1323,5.884926
1324,5.770946
1325,5.791914
1326,5.914927
1327,5.879824
1328,5.767657
1329,5.902514
1330,6.015096
1331,6.009869
1332,6.104529
1333,6.095973
1334,6.080962
1335,6.096925
1336,6.135934
1337,6.285238
1338,6.280352
1339,6.151881
1340,6.119306
1341,6.003889
1342,5.875171
1343,5.877693
1344,5.907688
1345,5.880562
1346,6.054270
1347,6.033473
1348,5.996729
1349,6.127472
1350,6.187172
1351,6.238533
1352,6.347714
1353,6.222658
1354,6.105702
1355,6.122635
1356,6.017705
1357,6.075583
1358,6.156390
1359,6.140584
1360,6.063806
1361,5.982214
1362,6.000641
1363,5.896500
1364,5.997882
1365,5.955853
1366,5.873896
1367,5.867899
1368,5.840592
1369,5.899236
1370,5.929643
1371,6.061865
1372,6.006273
1373,6.030555
1374,6.031890
1375,5.909042
1376,6.015301
1377,6.035360
1378,6.031718
1379,6.030582
1380,6.059337
1381,6.092334
1382,6.009163
1383,6.037365
1384,5.998651
1385,6.022525
1386,5.913095
1387,5.897440
1388,5.900122
1389,5.837917
1390,5.722423
1391,5.911746
1392,5.930686
1393,5.946970
1394,6.038640
1395,6.065026
1396,6.052888
1397,6.206179
1398,6.130066
1399,6.182829
1400,6.223921
1401,6.196719
1402,6.225604
1403,6.136237
1404,6.122355
1405,6.008796
1406,5.916007
1407,5.966097
1408,5.960837
1409,5.984749
1410,5.964914
1411,6.123602
1412,6.121427
1413,6.189229
1414,6.177895
1415,6.422249
1416,6.492997
1417,6.429866
1418,6.421455
1419,6.393493
1420,6.403382
1421,6.381194
1422,6.176427
1423,6.135464
1424,6.204777
1425,6.014576
1426,6.121116
1427,6.121506
1428,6.077289
1429,5.987414
1430,5.997005
1431,6.065321
1432,5.986619
1433,5.986955
1434,5.979443
1435,6.097420
1436,6.184395
1437,6.184289
1438,6.229539
1439,6.108100
1440,6.188603
1441,6.127478
1442,6.001185
1443,5.980703
1444,5.942537
1445,5.853700
1446,5.778754
1447,5.790628
1448,5.836023
1449,5.752117
1450,5.880812
1451,5.771803
1452,5.743523
1453,5.729163
1454,5.840360
1455,5.805879
1456,5.692481
1457,5.821489
1458,5.723386
1459,5.676526
1460,5.620245
1461,5.761251
1462,5.778191
1463,5.996655
1464,6.008436
1465,5.976694
1466,5.900143
1467,6.016748
1468,6.047198
1469,5.977229
1470,6.017324
1471,5.868594
1472,5.878687
1473,5.774144
1474,5.701383
1475,5.723128
1476,5.838493
1477,5.784944
1478,5.862370
1479,5.904051
1480,5.930784
1481,5.952882
1482,5.963614
1483,5.836658
1484,5.684737
1485,5.687573
1486,5.753400
1487,5.725806
1488,5.560956
1489,5.530530
1490,5.496478
1491,5.488739
1492,5.429164
1493,5.370187
1494,5.329331
1495,5.342934
1496,5.535989
1497,5.365108
1498,5.418020
1499,5.446450
1500,5.441685
1501,5.362073
1502,5.313814
1503,5.427585
1504,5.362589
1505,5.290816
1506,5.246617
1507,5.189040
1508,5.280823
1509,5.368432
1510,5.338021
1511,5.453434
1512,5.485481
1513,5.674140
1514,5.717573
1515,5.905109
1516,5.858102
1517,5.682548
1518,5.617911
1519,5.534393
1520,5.569960
1521,5.716780
1522,5.716593
1523,5.934406
1524,6.144421
1525,6.097580
1526,6.098997
1527,6.127030
1528,6.097169
1529,6.174995
1530,6.169226
1531,6.114409
1532,5.933978
1533,5.938186
1534,5.903234
1535,5.849997
1536,5.991848
1537,5.935248
1538,5.881074
1539,5.882042
1540,5.785933
1541,5.878244
1542,5.950929
1543,5.859207
1544,5.757756
1545,5.694890
1546,5.697054
1547,5.575569
1548,5.696601
1549,5.664536
1550,5.683178
1551,5.675872
1552,5.722741
1553,5.824469
1554,5.884604
1555,5.985712
1556,5.875546
1557,5.912907
1558,5.988892
1559,6.111245
1560,6.270424
1561,6.224355
1562,6.269248
1563,6.240141
1564,6.311470
1565,6.260812
1566,6.226641
1567,6.228118
1568,6.250703
1569,6.168064
1570,6.070696
1571,5.988645
1572,5.914649
1573,5.837356
1574,5.782128
1575,5.778143
1576,5.871176
1577,5.914878
1578,5.814021
1579,5.838972
1580,5.838047
1581,5.765857
1582,5.637176
1583,5.736560
1584,5.744198
1585,5.738245
1586,5.710307
1587,5.723628
1588,5.752468
1589,5.710629
1590,5.684230
1591,5.846174
1592,5.820045
1593,5.841832
1594,5.921510
1595,6.043101
1596,6.052030
1597,6.285580
1598,6.221522
1599,6.166491
1600,6.193491
1601,6.170745
1602,6.070088
1603,6.014682
1604,6.172933
1605,6.270771
1606,6.249138
1607,6.120873
1608,6.132311
1609,6.272882
1610,6.207709
1611,6.186254
1612,6.115885
1613,6.112662
1614,6.116177
1615,6.044075
1616,6.134187
1617,6.139128
1618,6.028507
1619,6.084663
1620,6.082244
1621,6.179062
1622,6.018664
1623,5.873857
1624,5.839235
1625,5.895005
1626,6.121657
1627,6.086910
1628,5.978684
1629,5.972018
1630,5.977770
1631,6.127084
1632,6.039453
1633,6.023767
1634,5.913238
1635,5.817300
1636,5.727566
1637,5.633830
1638,5.577467
1639,5.428782
1640,5.368309
1641,5.401795
1642,5.470629
1643,5.461559
1644,5.374981
1645,5.298627
1646,5.317070
1647,5.349905
1648,5.312775
1649,5.296228
1650,5.308448
1651,5.413348
1652,5.378646
1653,5.462132
1654,5.404710
1655,5.605974
1656,5.662704
1657,5.626168
1658,5.626152
1659,5.763885
1660,5.711644
1661,5.681952
1662,5.506419
1663,5.550465
1664,5.571020
1665,5.635105
1666,5.525033
1667,5.453365
1668,5.523139
1669,5.392005
1670,5.364464
1671,5.430301
1672,5.413244
1673,5.453144
1674,5.475481
1675,5.571454
1676,5.374273
1677,5.371068
1678,5.397971
1679,5.389449
1680,5.411558
1681,5.305213
1682,5.345002
1683,5.405515
1684,5.394529
1685,5.348305
1686,5.420692
1687,5.382881
1688,5.404040
1689,5.547363
1690,5.483240
1691,5.295712
1692,5.229867
1693,5.209170
1694,5.164886
1695,5.180471
1696,5.174586
1697,5.121049
1698,5.271905
1699,5.248629
1700,5.237916
1701,5.223523
1702,5.345480
1703,5.402226
1704,5.401584
1705,5.363302
1706,5.369137
1707,5.268664
1708,5.313021
1709,5.385558
1710,5.400934
1711,5.379242
1712,5.526114
1713,5.544674
1714,5.438145
1715,5.464215
1716,5.435156
1717,5.333475
1718,5.314496
1719,5.358776
1720,5.381500
1721,5.341889
1722,5.360727
1723,5.356915
1724,5.302460
1725,5.282283
1726,5.274886
1727,5.331388
1728,5.328461
1729,5.343682
1730,5.366178
1731,5.340579
1732,5.297452
1733,5.393939
1734,5.416774
1735,5.435394
1736,5.478847
1737,5.509949
1738,5.585136
1739,5.612142
1740,5.588289
1741,5.524858
1742,5.507807
1743,5.438298
1744,5.415031
1745,5.435163
1746,5.397722
1747,5.573534
1748,5.557884
1749,5.549714
1750,5.633351
1751,5.615154
1752,5.570358
1753,5.564402
1754,5.417658
1755,5.478490
1756,5.515805
1757,5.525962
1758,5.572886
1759,5.520725
1760,5.458918
1761,5.463400
1762,5.601523
1763,5.473835
1764,5.522640
1765,5.506366
1766,5.601785
1767,5.656073
1768,5.621727
1769,5.599124
1770,5.593485
1771,5.523515
1772,5.676262
1773,5.645109
1774,5.728371
1775,5.637874
1776,5.659000
1777,5.631021
1778,5.579397
1779,5.500447
1780,5.497042
1781,5.403808
1782,5.309447
1783,5.301871
1784,5.420419
1785,5.345658
1786,5.285506
1787,5.351684
1788,5.305759
1789,5.261954
1790,5.320803
1791,5.451636
1792,5.465768
1793,5.397100
1794,5.436419
1795,5.428020
1796,5.491534
1797,5.449684
1798,5.496794
1799,5.497958
1800,5.369090
1801,5.422168
1802,5.365843
1803,5.545600
1804,5.555302
1805,5.560935
1806,5.493273
1807,5.467402
1808,5.500151
1809,5.546596
1810,5.600263
1811,5.624579
1812,5.579428
1813,5.579465
1814,5.568617
1815,5.600099
1816,5.605785
1817,5.657260
1818,5.705598
1819,5.661956
1820,5.743810
1821,5.659265
1822,5.750033
1823,5.867268
1824,5.960683
1825,6.022107
1826,6.071951
1827,5.992725
1828,5.947396
1829,6.013046
1830,5.893191
1831,5.957982
1832,5.971041
1833,5.910211
1834,5.924244
1835,5.878286
1836,5.887827
1837,5.833025
1838,5.814375
1839,5.652466
1840,5.638757
1841,5.631778
1842,5.599031
1843,5.486864
1844,5.390465
1845,5.356829
1846,5.458804
1847,5.433914
1848,5.345696
1849,5.414965
1850,5.491844
1851,5.466870
1852,5.518402
1853,5.556911
1854,5.643837
1855,5.855062
1856,6.010836
1857,6.020306
1858,6.025012
1859,6.061854
1860,6.118640
1861,6.056462
1862,6.029673
1863,5.956877
1864,5.948664
1865,6.012575
1866,5.845860
1867,5.844109
1868,5.801373
1869,5.693962
1870,5.574132
1871,5.515520
1872,5.527696
1873,5.507592
1874,5.478223
1875,5.480880
1876,5.473550
1877,5.486089
1878,5.434454
1879,5.416177
1880,5.423130
1881,5.472458
1882,5.416166
1883,5.404234
1884,5.335645
1885,5.422615
1886,5.327505
1887,5.247088
1888,5.218171
1889,5.195150
1890,5.152994
1891,5.091176
1892,5.068766
1893,5.192358
1894,5.269700
1895,5.336396
1896,5.303112
1897,5.375825
1898,5.336978
1899,5.440629
1900,5.335108
1901,5.311260
1902,5.510517
1903,5.484244
1904,5.458576
1905,5.564707
1906,5.502676
1907,5.455092
1908,5.372478
1909,5.366843
1910,5.284214
1911,5.273167
1912,5.379169
1913,5.295874
1914,5.307658
1915,5.214939
1916,5.328482
1917,5.339113
1918,5.376632
1919,5.403990
1920,5.476057
1921,5.574432
1922,5.602716
1923,5.534964
1924,5.610819
1925,5.509564
1926,5.587098
1927,5.512258
1928,5.464959
1929,5.494195
1930,5.539137
1931,5.597445
1932,5.734981
1933,5.684690
1934,5.599648
1935,5.545751
1936,5.484200
1937,5.357862
1938,5.500627
1939,5.630598
1940,5.810221
1941,5.608714
1942,5.687624
1943,5.724624
1944,5.830440
1945,5.849516
1946,5.817165
1947,5.821496
1948,5.819975
1949,5.974882
1950,5.980151
1951,5.852273
1952,5.928349
1953,5.938927
1954,5.816403
1955,5.778008
1956,5.704109
1957,5.729092
1958,5.810228
1959,5.821467
1960,5.915904
1961,5.895460
1962,5.841891
1963,5.833857
1964,5.892910
1965,5.905058
1966,6.017112
1967,5.923193
1968,5.924405
1969,5.868347
1970,5.823358
1971,5.794363
1972,5.781208
1973,5.794843
1974,5.912558
1975,5.917296
1976,5.899738
1977,5.794760
1978,5.654480
1979,5.643144
1980,5.823927
1981,5.864416
1982,5.859811
1983,5.916952
1984,5.951710
1985,5.946963
1986,5.819739
1987,5.865587
1988,5.724421
1989,5.609321
1990,5.449010
1991,5.480712
1992,5.479604
1993,5.567510
1994,5.653727
1995,5.694788
1996,5.695266
1997,5.748044
1998,5.859313
1999,5.800744
2000,5.792133
